{
  "signal": "early_weighted_auc",
  "move_mode": "insert_front",
  "num_samples": 32,
  "evaluation_note": "kendall_distance and kendall_tau are evaluation-only diagnostics for l2r proximity; they must not be used as training targets or propagated as supervision signals.",
  "mean_prefix_auc_2_initial": 4.529111631214619,
  "mean_prefix_auc_2_final": 2.9542491026222706,
  "mean_full_loss_initial": 4.140825338661671,
  "mean_full_loss_final": 4.128824584186077,
  "mean_kendall_initial": 0.0005208325455896556,
  "mean_kendall_final": 0.016145833593327552,
  "mean_kendall_distance_initial": 0.49973958372720517,
  "mean_kendall_distance_final": 0.4919270832033362,
  "mean_adjacent_pairs_initial": 0.90625,
  "mean_adjacent_pairs_final": 1.03125,
  "mean_prefix_index_initial": 7.4296875,
  "mean_prefix_index_final": 7.2421875,
  "mean_prefix_auc_2_gain": 1.574862528592348,
  "mean_full_loss_gain": 0.012000754475593567,
  "mean_kendall_gain": 0.015625001047737896,
  "mean_kendall_distance_gain": 0.007812500523868948,
  "mean_adjacent_pairs_gain": 0.125,
  "mean_prefix_index_gain": 0.1875,
  "improved_sample_ratio": 0.96875
}