{
  "signal": "prefix_auc_4",
  "move_mode": "insert_front",
  "num_samples": 32,
  "evaluation_note": "kendall_distance and kendall_tau are evaluation-only diagnostics for l2r proximity; they must not be used as training targets or propagated as supervision signals.",
  "mean_prefix_auc_2_initial": 4.529111631214619,
  "mean_prefix_auc_2_final": 3.4129365533590317,
  "mean_full_loss_initial": 4.140825338661671,
  "mean_full_loss_final": 4.11738034337759,
  "mean_kendall_initial": 0.0005208325455896556,
  "mean_kendall_final": -0.0010416664881631732,
  "mean_kendall_distance_initial": 0.49973958372720517,
  "mean_kendall_distance_final": 0.5005208332440816,
  "mean_adjacent_pairs_initial": 0.90625,
  "mean_adjacent_pairs_final": 1.09375,
  "mean_prefix_index_initial": 7.4296875,
  "mean_prefix_index_final": 7.3125,
  "mean_prefix_auc_2_gain": 1.116175077855587,
  "mean_full_loss_gain": 0.023444995284080505,
  "mean_kendall_gain": -0.0015624990337528288,
  "mean_kendall_distance_gain": -0.0007812495168764144,
  "mean_adjacent_pairs_gain": 0.1875,
  "mean_prefix_index_gain": 0.1171875,
  "improved_sample_ratio": 0.96875
}