{
  "distance": [
    0,
    1,
    2,
    3,
    4,
    5,
    6,
    7,
    8,
    9,
    10,
    11,
    12,
    13,
    14,
    15,
    16,
    17,
    18,
    19,
    20,
    21,
    22,
    23,
    24,
    25,
    26,
    27,
    28,
    29,
    30,
    31,
    32,
    33,
    34,
    35,
    36,
    37,
    38,
    39,
    40,
    41,
    42,
    43,
    44,
    45,
    46,
    47,
    48,
    49,
    50,
    51,
    52,
    53,
    54,
    55,
    56,
    57,
    58,
    59,
    60,
    61,
    62,
    63,
    64,
    65,
    66,
    67,
    68,
    69,
    70,
    71,
    72,
    73,
    74,
    75,
    76,
    77,
    78,
    79,
    80,
    81,
    82,
    83,
    84,
    85,
    86,
    87,
    88,
    89,
    90,
    91,
    92,
    93,
    94,
    95,
    96,
    97,
    98,
    99,
    100,
    101,
    102,
    103,
    104,
    105,
    106,
    107,
    108,
    109,
    110,
    111,
    112,
    113,
    114,
    115,
    116,
    117,
    118,
    119,
    120,
    121,
    122,
    123,
    124,
    125,
    126,
    127,
    128,
    129,
    130,
    131,
    132,
    133,
    134,
    135,
    136,
    137,
    138,
    139,
    140,
    141,
    142,
    143,
    144,
    145,
    146,
    147,
    148,
    149,
    150,
    151,
    152,
    153,
    154,
    155,
    156,
    157,
    158,
    159,
    160,
    161,
    162,
    163,
    164,
    165,
    166,
    167,
    168,
    169,
    170,
    171,
    172,
    173,
    174,
    175,
    176,
    177,
    178,
    179,
    180,
    181,
    182,
    183,
    184,
    185,
    186,
    187,
    188,
    189,
    190,
    191,
    192,
    193,
    194,
    195,
    196,
    197,
    198,
    199,
    200,
    201,
    202,
    203,
    204,
    205,
    206,
    207,
    208,
    209,
    210,
    211,
    212,
    213,
    214,
    215,
    216,
    217,
    218,
    219,
    220,
    221,
    222,
    223,
    224,
    225,
    226,
    227,
    228,
    229,
    230,
    231,
    232,
    233,
    234,
    235,
    236,
    237,
    238,
    239,
    240,
    241,
    242,
    243,
    244,
    245,
    246,
    247,
    248,
    249,
    250,
    251,
    252,
    253,
    254,
    255
  ],
  "mean_attention": [
    0.08771822601556778,
    0.0026511261239647865,
    0.0027217967435717583,
    0.0027400823310017586,
    0.0027473403606563807,
    0.002768260659649968,
    0.002776010427623987,
    0.0027834433130919933,
    0.0027760956436395645,
    0.002764192409813404,
    0.0027861976996064186,
    0.002787432400509715,
    0.002756921574473381,
    0.002780413953587413,
    0.0027723019011318684,
    0.0027825837023556232,
    0.002788095735013485,
    0.0027917108964174986,
    0.0027581772301346064,
    0.00278198579326272,
    0.0027907798066735268,
    0.0028011838439852,
    0.0027617684099823236,
    0.002785308053717017,
    0.002784448442980647,
    0.0027788211591541767,
    0.002773816930130124,
    0.0028018406592309475,
    0.0027975565753877163,
    0.0027813082560896873,
    0.0027748174034059048,
    0.002815734827890992,
    0.0027769559528678656,
    0.002786618657410145,
    0.00278903148137033,
    0.00277517712675035,
    0.002797813853248954,
    0.0028027649968862534,
    0.002803989453241229,
    0.002794785425066948,
    0.0027828130405396223,
    0.0027728795539587736,
    0.0027917250990867615,
    0.0027666697278618813,
    0.0027805580757558346,
    0.0027835345827043056,
    0.00279928557574749,
    0.0027688650880008936,
    0.002764723729342222,
    0.002783797215670347,
    0.002767307683825493,
    0.0027477950789034367,
    0.0027755112387239933,
    0.0027991218958050013,
    0.0027804584242403507,
    0.002775184577330947,
    0.0027860002592206,
    0.0027890026103705168,
    0.002777672838419676,
    0.0027740206569433212,
    0.002777633722871542,
    0.002770089777186513,
    0.0028088875114917755,
    0.0027700557839125395,
    0.0027893793303519487,
    0.0027870158664882183,
    0.002787807723507285,
    0.002786993980407715,
    0.0028075226582586765,
    0.002811847487464547,
    0.0027667400427162647,
    0.002783165778964758,
    0.0027890759520232677,
    0.0027700297068804502,
    0.0027738509234040976,
    0.0027884889859706163,
    0.002770862076431513,
    0.0027900098357349634,
    0.002780074253678322,
    0.002774499822407961,
    0.0027657761238515377,
    0.00278972159139812,
    0.0027734863106161356,
    0.0027655400335788727,
    0.002785680117085576,
    0.0027572920080274343,
    0.0027770865708589554,
    0.002780394395813346,
    0.0027889700140804052,
    0.0027600068133324385,
    0.002763418946415186,
    0.0027601802721619606,
    0.002743402263149619,
    0.0027876957319676876,
    0.002775015542283654,
    0.002755219116806984,
    0.0027501648291945457,
    0.0027643542271107435,
    0.002783585572615266,
    0.0027702224906533957,
    0.0027655174490064383,
    0.002771807601675391,
    0.0027785031124949455,
    0.0027743929531425238,
    0.0027894037775695324,
    0.002790292026475072,
    0.0027899027336388826,
    0.002792700892314315,
    0.002779237926006317,
    0.002771443221718073,
    0.002797176130115986,
    0.0027706066612154245,
    0.002803113544359803,
    0.0027847152668982744,
    0.0027610508259385824,
    0.002772928448393941,
    0.002798372181132436,
    0.0027931954246014357,
    0.0027806097641587257,
    0.0027874954976141453,
    0.0027946748305112123,
    0.002768303267657757,
    0.0028074297588318586,
    0.0027749263681471348,
    0.0027629719115793705,
    0.0027933958917856216,
    0.002755180699750781,
    0.002784494310617447,
    0.0027785110287368298,
    0.0027762094978243113,
    0.002771448576822877,
    0.0027907085604965687,
    0.0027725386898964643,
    0.002784792333841324,
    0.002760427538305521,
    0.0027836316730827093,
    0.002789820544421673,
    0.002811856335029006,
    0.002738142618909478,
    0.0027767333667725325,
    0.0027522603049874306,
    0.002753215841948986,
    0.002777114510536194,
    0.0027935230173170567,
    0.0027705426327884197,
    0.0028017431031912565,
    0.002746833022683859,
    0.002778968308120966,
    0.0027821725234389305,
    0.0027783182449638844,
    0.002750667277723551,
    0.002800786169245839,
    0.002773753134533763,
    0.002786667551845312,
    0.0027845895383507013,
    0.002783073578029871,
    0.002766887191683054,
    0.0028135250322520733,
    0.0027730711735785007,
    0.002773821586742997,
    0.0027720537036657333,
    0.002780123380944133,
    0.002806294709444046,
    0.0027898491825908422,
    0.0028007652144879103,
    0.002780765062198043,
    0.002769526094198227,
    0.002780095674097538,
    0.002805223222821951,
    0.002787355799227953,
    0.002775751519948244,
    0.0027441862039268017,
    0.002793403808027506,
    0.002754009561613202,
    0.0027745822444558144,
    0.0027840156108140945,
    0.0027857492677867413,
    0.0027658636681735516,
    0.0028071627020835876,
    0.0028090502601116896,
    0.002773597836494446,
    0.0027735247276723385,
    0.0027575045824050903,
    0.002772724023088813,
    0.002781493589282036,
    0.002792954910546541,
    0.0027663479559123516,
    0.0027602617628872395,
    0.0028082234784960747,
    0.0027671626303344965,
    0.0027642524801194668,
    0.0027246803510934114,
    0.0027825115248560905,
    0.002744657453149557,
    0.002812788123264909,
    0.002782131778076291,
    0.002829809905961156,
    0.002789487363770604,
    0.0027932270895689726,
    0.0027957966085523367,
    0.0028200324159115553,
    0.002778712660074234,
    0.0028110684361308813,
    0.0028161790687590837,
    0.0027982036117464304,
    0.0028085552621632814,
    0.002765837125480175,
    0.0028346695471554995,
    0.0027578435838222504,
    0.0028113904409110546,
    0.002770358696579933,
    0.002778387628495693,
    0.002778655616566539,
    0.002759017515927553,
    0.002775385044515133,
    0.002746597398072481,
    0.0027991170063614845,
