{
  "distance": [
    0,
    1,
    2,
    3,
    4,
    5,
    6,
    7,
    8,
    9,
    10,
    11,
    12,
    13,
    14,
    15,
    16,
    17,
    18,
    19,
    20,
    21,
    22,
    23,
    24,
    25,
    26,
    27,
    28,
    29,
    30,
    31,
    32,
    33,
    34,
    35,
    36,
    37,
    38,
    39,
    40,
    41,
    42,
    43,
    44,
    45,
    46,
    47,
    48,
    49,
    50,
    51,
    52,
    53,
    54,
    55,
    56,
    57,
    58,
    59,
    60,
    61,
    62,
    63,
    64,
    65,
    66,
    67,
    68,
    69,
    70,
    71,
    72,
    73,
    74,
    75,
    76,
    77,
    78,
    79,
    80,
    81,
    82,
    83,
    84,
    85,
    86,
    87,
    88,
    89,
    90,
    91,
    92,
    93,
    94,
    95,
    96,
    97,
    98,
    99,
    100,
    101,
    102,
    103,
    104,
    105,
    106,
    107,
    108,
    109,
    110,
    111,
    112,
    113,
    114,
    115,
    116,
    117,
    118,
    119,
    120,
    121,
    122,
    123,
    124,
    125,
    126,
    127,
    128,
    129,
    130,
    131,
    132,
    133,
    134,
    135,
    136,
    137,
    138,
    139,
    140,
    141,
    142,
    143,
    144,
    145,
    146,
    147,
    148,
    149,
    150,
    151,
    152,
    153,
    154,
    155,
    156,
    157,
    158,
    159,
    160,
    161,
    162,
    163,
    164,
    165,
    166,
    167,
    168,
    169,
    170,
    171,
    172,
    173,
    174,
    175,
    176,
    177,
    178,
    179,
    180,
    181,
    182,
    183,
    184,
    185,
    186,
    187,
    188,
    189,
    190,
    191,
    192,
    193,
    194,
    195,
    196,
    197,
    198,
    199,
    200,
    201,
    202,
    203,
    204,
    205,
    206,
    207,
    208,
    209,
    210,
    211,
    212,
    213,
    214,
    215,
    216,
    217,
    218,
    219,
    220,
    221,
    222,
    223,
    224,
    225,
    226,
    227,
    228,
    229,
    230,
    231,
    232,
    233,
    234,
    235,
    236,
    237,
    238,
    239,
    240,
    241,
    242,
    243,
    244,
    245,
    246,
    247,
    248,
    249,
    250,
    251,
    252,
    253,
    254,
    255
  ],
  "mean_attention": [
    0.09151311963796616,
    0.016057588160037994,
    0.014939099550247192,
    0.01416048128157854,
    0.013552743941545486,
    0.013056029565632343,
    0.012626728974282742,
    0.01228050235658884,
    0.01200647559016943,
    0.011726009659469128,
    0.01142922043800354,
    0.011205899529159069,
    0.011013740673661232,
    0.010798211209475994,
    0.010628797113895416,
    0.010417908430099487,
    0.010302872397005558,
    0.010165395215153694,
    0.009999924339354038,
    0.009852384217083454,
    0.009718624874949455,
    0.009622099809348583,
    0.009468608535826206,
    0.00938330963253975,
    0.009256681427359581,
    0.009159217588603497,
    0.009065140970051289,
    0.009013746865093708,
    0.008917545899748802,
    0.008821661584079266,
    0.00873593334108591,
    0.00866065826267004,
    0.008575384505093098,
    0.008499464020133018,
    0.008404611609876156,
    0.008333214558660984,
    0.008232658728957176,
    0.008219623938202858,
    0.008150901645421982,
    0.008073125965893269,
    0.007987580262124538,
    0.007915789261460304,
    0.007892007008194923,
    0.007855788804590702,
    0.007740171626210213,
    0.007689849007874727,
    0.007632086519151926,
    0.007601620629429817,
    0.007535745855420828,
    0.00748450169339776,
    0.007448931224644184,
    0.00737422052770853,
    0.007298898417502642,
    0.0072979615069925785,
    0.007219745311886072,
    0.0071835764683783054,
    0.007116421591490507,
    0.007076342590153217,
    0.007029753644019365,
    0.006989355199038982,
    0.0069855391047894955,
    0.006918350700289011,
    0.006910522002726793,
    0.006857086904346943,
    0.006802398711442947,
    0.0067382934503257275,
    0.006706779357045889,
    0.00670940987765789,
    0.0066659413278102875,
    0.006618659943342209,
    0.006557340268045664,
    0.006533640902489424,
    0.006523010320961475,
    0.006479144096374512,
    0.006427200511097908,
    0.0064003788866102695,
    0.0063683874905109406,
    0.006385748740285635,
    0.006271843332797289,
    0.006263044662773609,
    0.006239067297428846,
    0.006212590262293816,
    0.0061957500874996185,
    0.006153629161417484,
    0.0061116646975278854,
    0.006082240026444197,
    0.006057294085621834,
    0.006035785656422377,
    0.006006056442856789,
    0.005981686990708113,
    0.005925248842686415,
    0.005925387144088745,
    0.005906390491873026,
    0.0058806161396205425,
    0.005804811604321003,
    0.0058371820487082005,
    0.005830870009958744,
    0.00574942072853446,
    0.005745852831751108,
    0.005727169569581747,
    0.005718356464058161,
    0.005654865875840187,
    0.005624405108392239,
    0.005626220256090164,
    0.005586208309978247,
    0.005554191302508116,
    0.005535350181162357,
    0.005507433321326971,
    0.005502322223037481,
    0.005466490518301725,
    0.005442914552986622,
    0.005424595903605223,
    0.005412539467215538,
    0.00542517239227891,
    0.00534891989082098,
    0.005377192050218582,
    0.005343436263501644,
    0.005305889528244734,
    0.005277559161186218,
    0.005273742601275444,
    0.005254087503999472,
    0.0052250949665904045,
    0.00518109230324626,
    0.005205158144235611,
    0.005148175172507763,
    0.0051610274240374565,
    0.005098841618746519,
    0.0051137362606823444,
    0.005141459405422211,
    0.005093108396977186,
    0.005063999909907579,
    0.005058301612734795,
    0.0050635673105716705,
    0.005000177305191755,
    0.004989718087017536,
    0.004946885164827108,
    0.0049288710579276085,
    0.004947124980390072,
    0.004877520725131035,
    0.004911454860121012,
    0.00489339092746377,
    0.004866997245699167,
    0.0048502665013074875,
    0.004865915048867464,
    0.004832637961953878,
    0.004827861208468676,
    0.00479999091476202,
    0.004800133407115936,
    0.00476080272346735,
    0.0047980910167098045,
    0.004794649314135313,
    0.004748167470097542,
    0.00469265878200531,
    0.004703952465206385,
    0.004687250591814518,
    0.004662715829908848,
    0.004706723615527153,
    0.004644579719752073,
    0.004646537825465202,
    0.0046451762318611145,
    0.004667919594794512,
    0.004564239643514156,
    0.004593036137521267,
    0.004596238490194082,
    0.004552409518510103,
    0.004574416670948267,
    0.004579916130751371,
    0.004566645249724388,
    0.004550338257104158,
    0.0045309350825846195,
    0.004485867917537689,
    0.004547493066638708,
    0.004505380522459745,
    0.00452527916058898,
    0.004496611654758453,
    0.004490249790251255,
    0.004514696542173624,
    0.004478098824620247,
    0.004507248289883137,
    0.0044476636685431,
    0.004454074893146753,
    0.004464115481823683,
    0.004452424589544535,
    0.00446696113795042,
    0.004455578047782183,
    0.004369610920548439,
    0.0044354829005897045,
    0.004428478889167309,
    0.004442197736352682,
    0.004414656665176153,
    0.004394605290144682,
    0.0043751853518188,
    0.00443474855273962,
    0.004449617117643356,
    0.004407668020576239,
    0.004413663409650326,
    0.0044153062626719475,
    0.004446064587682486,
    0.004443812649697065,
    0.004410906229168177,
    0.004435672890394926,
    0.0044109090231359005,
    0.004483562428504229,
    0.004462010692805052,
    0.004484124481678009,
    0.004552536644041538,
    0.004484220873564482,
    0.004498562775552273,
    0.0045282733626663685,
    0.00457542110234499,
    0.004591070115566254,
    0.0045728315599262714,
    0.004547682125121355,
    0.004591900389641523,
    0.004645210690796375,
    0.004700984340161085,
    0.004661242477595806,
    0.004691655281931162,
    0.004745832644402981,
    0.004735453519970179,
    0.00483498303219676,
