{
  "mean_l2r_rank": 122.868671875,
  "mean_l2r_head_score": -27.22540283203125,
  "l2r_top1_rate": 0.03109375,
  "l2r_top5_rate": 0.08125,
  "mean_top1_kendall_tau": 0.03022996447631158,
  "mean_top1_kendall_distance": 0.4848850166797638,
  "mean_top1_signal": -6.976212632656098,
  "mean_l2r_signal": -7.077942206859588
}