{
  "distance": [
    0,
    1,
    2,
    3,
    4,
    5,
    6,
    7,
    8,
    9,
    10,
    11,
    12,
    13,
    14,
    15,
    16,
    17,
    18,
    19,
    20,
    21,
    22,
    23,
    24,
    25,
    26,
    27,
    28,
    29,
    30,
    31,
    32,
    33,
    34,
    35,
    36,
    37,
    38,
    39,
    40,
    41,
    42,
    43,
    44,
    45,
    46,
    47,
    48,
    49,
    50,
    51,
    52,
    53,
    54,
    55,
    56,
    57,
    58,
    59,
    60,
    61,
    62,
    63,
    64,
    65,
    66,
    67,
    68,
    69,
    70,
    71,
    72,
    73,
    74,
    75,
    76,
    77,
    78,
    79,
    80,
    81,
    82,
    83,
    84,
    85,
    86,
    87,
    88,
    89,
    90,
    91,
    92,
    93,
    94,
    95,
    96,
    97,
    98,
    99,
    100,
    101,
    102,
    103,
    104,
    105,
    106,
    107,
    108,
    109,
    110,
    111,
    112,
    113,
    114,
    115,
    116,
    117,
    118,
    119,
    120,
    121,
    122,
    123,
    124,
    125,
    126,
    127,
    128,
    129,
    130,
    131,
    132,
    133,
    134,
    135,
    136,
    137,
    138,
    139,
    140,
    141,
    142,
    143,
    144,
    145,
    146,
    147,
    148,
    149,
    150,
    151,
    152,
    153,
    154,
    155,
    156,
    157,
    158,
    159,
    160,
    161,
    162,
    163,
    164,
    165,
    166,
    167,
    168,
    169,
    170,
    171,
    172,
    173,
    174,
    175,
    176,
    177,
    178,
    179,
    180,
    181,
    182,
    183,
    184,
    185,
    186,
    187,
    188,
    189,
    190,
    191,
    192,
    193,
    194,
    195,
    196,
    197,
    198,
    199,
    200,
    201,
    202,
    203,
    204,
    205,
    206,
    207,
    208,
    209,
    210,
    211,
    212,
    213,
    214,
    215,
    216,
    217,
    218,
    219,
    220,
    221,
    222,
    223,
    224,
    225,
    226,
    227,
    228,
    229,
    230,
    231,
    232,
    233,
    234,
    235,
    236,
    237,
    238,
    239,
    240,
    241,
    242,
    243,
    244,
    245,
    246,
    247,
    248,
    249,
    250,
    251,
    252,
    253,
    254,
    255
  ],
  "mean_attention": [
    0.09151311963796616,
    0.009378648363053799,
    0.008710329420864582,
    0.008296526968479156,
    0.007870711386203766,
    0.007444915361702442,
    0.0069847991690039635,
    0.006583134178072214,
    0.006340523716062307,
    0.005999431945383549,
    0.0058156270533800125,
    0.00557774817571044,
    0.005380270071327686,
    0.005167603027075529,
    0.005041740834712982,
    0.004887962713837624,
    0.004724395461380482,
    0.004646481014788151,
    0.0044801728799939156,
    0.0043988716788589954,
    0.0042807781137526035,
    0.0042146011255681515,
    0.004123295657336712,
    0.00406095664948225,
    0.003966432064771652,
    0.00392562709748745,
    0.0038654766976833344,
    0.003813237650319934,
    0.0038034350145608187,
    0.0037601985968649387,
    0.003715105354785919,
    0.003702431218698621,
    0.0036332388408482075,
    0.003603552468121052,
    0.0035803774371743202,
    0.0035687382332980633,
    0.0035599893890321255,
    0.003533667651936412,
    0.003513716859742999,
    0.003477539401501417,
    0.003437377279624343,
    0.0034336522221565247,
    0.0034250784665346146,
    0.003378215478733182,
    0.0033926016185432673,
    0.0033445770386606455,
    0.0033457325771450996,
    0.003272495698183775,
    0.0033134715631604195,
    0.0032692179083824158,
    0.003275300608947873,
    0.003272698260843754,
    0.0032641931902617216,
    0.0032357973977923393,
    0.003253575647249818,
    0.003212049137800932,
    0.0032143413554877043,
    0.0031670492608100176,
    0.0032085180282592773,
    0.0031677745282649994,
    0.00320824864320457,
    0.003192999167367816,
    0.003183809807524085,
    0.003183894557878375,
    0.0032039221841841936,
    0.003158302279189229,
    0.0031823061872273684,
    0.0031757070682942867,
    0.0031563621014356613,
    0.0031655903439968824,
    0.003174018580466509,
    0.0031340564601123333,
    0.003131669480353594,
    0.0031272254418581724,
    0.003123151371255517,
    0.003142014378681779,
    0.0031267544254660606,
    0.003147268667817116,
    0.0031564028467983007,
    0.003112606704235077,
    0.0031602606177330017,
    0.003144705668091774,
    0.003140666289255023,
    0.0031242710538208485,
    0.003137127496302128,
    0.0031001551542431116,
    0.003133715596050024,
    0.0031151496805250645,
    0.0031216044444590807,
    0.0031708634924143553,
    0.0031292936764657497,
    0.0031007532961666584,
    0.003104567062109709,
    0.003098821034654975,
    0.0031272408086806536,
    0.003087672870606184,
    0.0031125240493565798,
    0.0030979427974671125,
    0.003100994508713484,
    0.0031072646379470825,
    0.0031263665296137333,
    0.003109964309260249,
    0.0031133058946579695,
    0.0031062287744134665,
    0.003131420584395528,
    0.0030791377648711205,
    0.003124163718894124,
    0.003080230439081788,
    0.0030597795266658068,
    0.003119803499430418,
    0.003080733586102724,
    0.003060396760702133,
    0.0030756264459341764,
    0.0030597622971981764,
    0.0030773861799389124,
    0.0030480478890240192,
    0.003047760808840394,
    0.0030402319971472025,
    0.0030241976492106915,
    0.0029857505578547716,
    0.0030001376289874315,
    0.002999278251081705,
    0.003047897247597575,
    0.002974217291921377,
    0.0030207575764507055,
    0.0030185822397470474,
    0.0029809402767568827,
    0.0029416417237371206,
    0.0029454673640429974,
    0.0029975255019962788,
    0.0029583692084997892,
    0.0029656593687832355,
    0.002942246850579977,
    0.0029646502807736397,
    0.002932510571554303,
    0.002970204222947359,
    0.002912667114287615,
    0.0029347226954996586,
    0.0029262411408126354,
    0.002919154241681099,
    0.0029071939643472433,
    0.0028937861789017916,
    0.0029180191922932863,
    0.002838877961039543,
    0.002932859119027853,
    0.002915344201028347,
    0.002915633376687765,
    0.0028894725255668163,
    0.002926451852545142,
    0.0028806645423173904,
    0.002854368882253766,
    0.002897611353546381,
    0.0028266359586268663,
    0.002852866193279624,
    0.002879980718716979,
    0.0028387196362018585,
    0.002844691975042224,
    0.0028670011088252068,
    0.002782945754006505,
    0.0028617316856980324,
    0.002858695574104786,
    0.0028212324250489473,
    0.002873297780752182,
    0.00289457687176764,
    0.0028950530104339123,
    0.00275577325373888,
    0.0028867777436971664,
    0.0028140086214989424,
    0.002904929919168353,
    0.0028027421794831753,
    0.0028922208584845066,
    0.002843028400093317,
    0.002892761491239071,
    0.002833387115970254,
    0.0029116745572537184,
    0.0027923528105020523,
    0.002865555929020047,
    0.0028423636686056852,
    0.002854799386113882,
    0.0028779429849237204,
    0.0028488568495959044,
    0.0028730507474392653,
    0.0027717158664017916,
    0.002832641126587987,
    0.002877193735912442,
    0.002838075626641512,
    0.0028153350576758385,
    0.002844997216016054,
    0.002827269257977605,
    0.002827994292601943,
    0.0028064334765076637,
    0.0027871544007211924,
    0.0028573377057909966,
    0.0027995777782052755,
    0.0028272406198084354,
    0.0028311165515333414,
    0.0028516666498035192,
    0.002828353550285101,
    0.0028100779745727777,
    0.0028557186014950275,
    0.002818302484229207,
    0.0027232274878770113,
    0.0028578860219568014,
    0.00285849766805768,
    0.002840812085196376,
    0.0028413317631930113,
    0.002859029220417142,
    0.002770657418295741,
    0.0027600012253969908,
    0.002869098447263241,
    0.0028231535106897354,
    0.002837123814970255,
    0.002819160232320428,
    0.002823702059686184,
    0.002794938860461116,
    0.00280937016941607,
    0.002876673359423876,
