{
  "distance": [
    0,
    1,
    2,
    3,
    4,
    5,
    6,
    7,
    8,
    9,
    10,
    11,
    12,
    13,
    14,
    15,
    16,
    17,
    18,
    19,
    20,
    21,
    22,
    23,
    24,
    25,
    26,
    27,
    28,
    29,
    30,
    31,
    32,
    33,
    34,
    35,
    36,
    37,
    38,
    39,
    40,
    41,
    42,
    43,
    44,
    45,
    46,
    47,
    48,
    49,
    50,
    51,
    52,
    53,
    54,
    55,
    56,
    57,
    58,
    59,
    60,
    61,
    62,
    63,
    64,
    65,
    66,
    67,
    68,
    69,
    70,
    71,
    72,
    73,
    74,
    75,
    76,
    77,
    78,
    79,
    80,
    81,
    82,
    83,
    84,
    85,
    86,
    87,
    88,
    89,
    90,
    91,
    92,
    93,
    94,
    95,
    96,
    97,
    98,
    99,
    100,
    101,
    102,
    103,
    104,
    105,
    106,
    107,
    108,
    109,
    110,
    111,
    112,
    113,
    114,
    115,
    116,
    117,
    118,
    119,
    120,
    121,
    122,
    123,
    124,
    125,
    126,
    127,
    128,
    129,
    130,
    131,
    132,
    133,
    134,
    135,
    136,
    137,
    138,
    139,
    140,
    141,
    142,
    143,
    144,
    145,
    146,
    147,
    148,
    149,
    150,
    151,
    152,
    153,
    154,
    155,
    156,
    157,
    158,
    159,
    160,
    161,
    162,
    163,
    164,
    165,
    166,
    167,
    168,
    169,
    170,
    171,
    172,
    173,
    174,
    175,
    176,
    177,
    178,
    179,
    180,
    181,
    182,
    183,
    184,
    185,
    186,
    187,
    188,
    189,
    190,
    191,
    192,
    193,
    194,
    195,
    196,
    197,
    198,
    199,
    200,
    201,
    202,
    203,
    204,
    205,
    206,
    207,
    208,
    209,
    210,
    211,
    212,
    213,
    214,
    215,
    216,
    217,
    218,
    219,
    220,
    221,
    222,
    223,
    224,
    225,
    226,
    227,
    228,
    229,
    230,
    231,
    232,
    233,
    234,
    235,
    236,
    237,
    238,
    239,
    240,
    241,
    242,
    243,
    244,
    245,
    246,
    247,
    248,
    249,
    250,
    251,
    252,
    253,
    254,
    255
  ],
  "mean_attention": [
    0.08771823346614838,
    0.013297715224325657,
    0.01241220161318779,
    0.011775256134569645,
    0.011269662529230118,
    0.010844306088984013,
    0.010484513826668262,
    0.01017918810248375,
    0.00995451956987381,
    0.009716388769447803,
    0.009453495033085346,
    0.009255213662981987,
    0.009090777486562729,
    0.008916150778532028,
    0.008762556128203869,
    0.008590415120124817,
    0.008480539545416832,
    0.008370143361389637,
    0.008227731101214886,
    0.008096513338387012,
    0.007987825199961662,
    0.007898676209151745,
    0.007768981624394655,
    0.007700009737163782,
    0.007596926763653755,
    0.007499159779399633,
    0.0074244155548512936,
    0.007376103196293116,
    0.00730202766135335,
    0.007213916163891554,
    0.00713697774335742,
    0.0070645492523908615,
    0.00699683278799057,
    0.006929030176252127,
    0.006854834500700235,
    0.006785663776099682,
    0.006713456939905882,
    0.006678476929664612,
    0.006633353885263205,
    0.006560806185007095,
    0.006501027382910252,
    0.006421167403459549,
    0.006415273062884808,
    0.006373660638928413,
    0.006278711836785078,
    0.006227015517652035,
    0.006166992709040642,
    0.0061431266367435455,
    0.006090824957937002,
    0.006030675955116749,
    0.005999680142849684,
    0.0059388019144535065,
    0.005891953129321337,
    0.005866839550435543,
    0.005828572437167168,
    0.005776106379926205,
    0.005722247529774904,
    0.005682389251887798,
    0.005637063644826412,
    0.005619696341454983,
    0.005595033057034016,
    0.005539626348763704,
    0.005538077559322119,
    0.005484303459525108,
    0.005432512145489454,
    0.005380210466682911,
    0.0053515383042395115,
    0.005354267079383135,
    0.005320608615875244,
    0.005272512324154377,
    0.005215085111558437,
    0.00519146490842104,
    0.005184493493288755,
    0.005164502188563347,
    0.005103344563394785,
    0.005084183998405933,
    0.005046111531555653,
    0.005041874945163727,
    0.004965655505657196,
    0.0049497163854539394,
    0.004912103991955519,
    0.004901797976344824,
    0.00488140108063817,
    0.004855053033679724,
    0.004818836692720652,
    0.00479742418974638,
    0.004774883389472961,
    0.004751928150653839,
    0.004723029211163521,
    0.004692588932812214,
    0.004645922686904669,
    0.004629460163414478,
    0.004608357325196266,
    0.004587031435221434,
    0.0045419312082231045,
    0.004555961582809687,
    0.004529566038399935,
    0.004467864986509085,
    0.004477366805076599,
    0.0044607180170714855,
    0.004434290342032909,
    0.0043917372822761536,
    0.004346108064055443,
    0.004344957880675793,
    0.004306871443986893,
    0.004287784453481436,
    0.004265802446752787,
    0.004243523348122835,
    0.0042398408986628056,
    0.004204371478408575,
    0.004180982708930969,
    0.004157552029937506,
    0.004147968254983425,
    0.004134332295507193,
    0.004093752708286047,
    0.004099539015442133,
    0.004071487579494715,
    0.004051594994962215,
    0.004025194328278303,
    0.00403085770085454,
    0.003998773638159037,
    0.003950074315071106,
    0.0039291419088840485,
    0.003936475608497858,
    0.003878766903653741,
    0.0038921351078897715,
    0.0038444059900939465,
    0.0038422562647610903,
    0.003848671680316329,
    0.0038153892382979393,
    0.0037871666718274355,
    0.00376375881023705,
    0.0037657308857887983,
    0.0037348761688917875,
    0.0037149100098758936,
    0.0037030382081866264,
    0.003671544138342142,
    0.003653631079941988,
    0.0036135551054030657,
    0.0036324034444987774,
    0.0036123814061284065,
    0.003608859609812498,
    0.0035744623746722937,
    0.0035650297068059444,
    0.0035400758497416973,
    0.0035164649598300457,
    0.0034989870619028807,
    0.0035172763746231794,
    0.0034584386739879847,
    0.0034660950768738985,
    0.0034662685357034206,
    0.0034330859780311584,
    0.00339199835434556,
    0.003382963128387928,
    0.003356512635946274,
    0.003349033882841468,
    0.0033487402833998203,
    0.0033296376932412386,
    0.003317244816571474,
    0.003295114729553461,
    0.003299582051113248,
    0.003237262135371566,
    0.003249172819778323,
    0.0032359352335333824,
    0.003191013354808092,
    0.003194638295099139,
    0.0031893770210444927,
    0.0031823678873479366,
    0.0031578093767166138,
    0.003131643868982792,
    0.0030989584047347307,
    0.0031097913160920143,
    0.0031048778910189867,
    0.003090757643803954,
    0.00307560246437788,
    0.003035165136680007,
    0.0030524509493261576,
    0.003021965967491269,
    0.003011862514540553,
    0.0029705665074288845,
    0.0029555929359048605,
    0.002977879950776696,
    0.0029473386239260435,
    0.0029245209880173206,
    0.002936420263722539,
    0.0029019289650022984,
    0.0028994642198085785,
    0.00286903977394104,
    0.0028857130091637373,
    0.0028341326396912336,
    0.00284687802195549,
    0.0028067673556506634,
    0.0028067640960216522,
    0.0027922396548092365,
    0.0028008227236568928,
    0.002743757562711835,
    0.002746008103713393,
    0.00273304246366024,
    0.0027231001295149326,
    0.002711804583668709,
    0.002695609349757433,
    0.002666466636583209,
    0.002667051972821355,
    0.0026624216698110104,
    0.002663608407601714,
    0.0026807941030710936,
    0.0026133819483220577,
    0.0025974211748689413,
    0.002605891553685069,
    0.0026126743759959936,
    0.0026082522235810757,
    0.002555276034399867,
    0.002531734062358737,
    0.00254162703640759,
    0.002540515037253499,
    0.002531302161514759,
    0.0024761371314525604,
    0.00248531112447381,
    0.0024462335277348757,
