order_name,order_type,kendall_tau_mean,kendall_tau_std,kendall_tau_min,kendall_tau_max,num_samples
AR,AR,1.0,0.0,1.0,1.0,12800
original_position_AR,OriginalPositionAR,-0.11290322580645151,0.0,-0.11290322580645151,-0.11290322580645151,12800
random_seed_1501552845,Random,0.0029435483870967694,0.12511567512885327,-0.45967741935483875,0.4717741935483871,12800
random_seed_488200390,Random,-0.0011085559475806509,0.12463638270227075,-0.42741935483870974,0.4233870967741935,12800
random_seed_1693606510,Random,-0.001066028225806457,0.12419968169353211,-0.44758064516129026,0.4516129032258065,12800
random_seed_680233354,Random,6.30040322580587e-05,0.12350106329543484,-0.435483870967742,0.44758064516129037,12800
random_seed_438466540,Random,-0.0009916834677419408,0.12411711093931271,-0.49596774193548376,0.4959677419354839,12800
random_seed_stats,Random,-3.1943044354844114e-05,0.001549973767014956,-0.0011085559475806509,0.0029435483870967694,64000
