{
  "early_area": {
    "mean": 4.597506999969482,
    "std": 0.8380932807922363
  },
  "early_slope": {
    "mean": 0.6267982721328735,
    "std": 1.8044323921203613
  },
  "early_variance": {
    "mean": 1.2413229942321777,
    "std": 1.1264362335205078
  },
  "late_drop": {
    "mean": 1.019397258758545,
    "std": 1.2543667554855347
  },
  "late_drop_ratio": {
    "mean": 103994.453125,
    "std": 433182.0625
  },
  "late_mean_gap": {
    "mean": -0.5565129518508911,
    "std": 0.7726432681083679
  }
}