{
  "evaluation_note": "These are mean block-loss trajectories over reveal/generate steps. AR is both reveal-step order and original position because AR is l2r; Random is reveal-step order only, not original-position order.",
  "ar_block_loss_mean": [
    5.001471996307373,
    4.3393707275390625,
    4.18037748336792,
    4.132505416870117,
    4.091860771179199,
    4.067780017852783,
    4.043543815612793,
    4.019530773162842,
    4.029510021209717,
    4.022760391235352,
    3.955749273300171,
    3.9719202518463135,
    3.96687388420105,
    3.954529047012329,
    3.9517858028411865,
    3.978450059890747,
    3.9595491886138916,
    3.9637832641601562,
    3.9557671546936035,
    3.934987783432007,
    3.948342800140381,
    3.934746503829956,
    3.928961753845215,
    3.9379944801330566,
    3.921959638595581,
    3.9399044513702393,
    3.9063100814819336,
    3.9521243572235107,
    3.9322381019592285,
    3.959137201309204,
    3.9769232273101807,
    3.972522258758545
  ],
  "random_block_loss_mean": [
    5.00183629989624,
    4.812013626098633,
    4.695275783538818,
    4.617206573486328,
    4.560145378112793,
    4.501919269561768,
    4.457790374755859,
    4.420173168182373,
    4.38237190246582,
    4.336359977722168,
    4.325553894042969,
    4.284890651702881,
    4.237726211547852,
    4.211763381958008,
    4.192129611968994,
    4.157193183898926,
    4.129565715789795,
    4.100886821746826,
    4.076455116271973,
    4.0516791343688965,
    4.032102108001709,
    4.003617763519287,
    3.982110023498535,
    3.9441215991973877,
    3.9110991954803467,
    3.8979172706604004,
    3.8728291988372803,
    3.8487305641174316,
    3.8344528675079346,
    3.8103344440460205,
    3.783504009246826,
    3.768695592880249
  ],
  "ar_minus_random_block_loss_mean": [
    -0.0003643035888671875,
    -0.4726428985595703,
    -0.5148983001708984,
    -0.48470115661621094,
    -0.46828460693359375,
    -0.4341392517089844,
    -0.4142465591430664,
    -0.40064239501953125,
    -0.3528618812561035,
    -0.3135995864868164,
    -0.36980462074279785,
    -0.3129703998565674,
    -0.27085232734680176,
    -0.2572343349456787,
    -0.24034380912780762,
    -0.1787431240081787,
    -0.17001652717590332,
    -0.13710355758666992,
    -0.12068796157836914,
    -0.11669135093688965,
    -0.08375930786132812,
    -0.06887125968933105,
    -0.05314826965332031,
    -0.006127119064331055,
    0.010860443115234375,
    0.04198718070983887,
    0.03348088264465332,
    0.1033937931060791,
    0.09778523445129395,
    0.1488027572631836,
    0.1934192180633545,
    0.2038266658782959
  ],
  "num_trajectory_samples": 25600
}