order_name,order_type,kendall_tau_mean,kendall_tau_std,kendall_tau_min,kendall_tau_max,num_samples
AR,AR,1.0,0.0,1.0,1.0,12800
swap_1_256,Swap,0.9688112745098039,0.0,0.9688112745098039,0.9688112745098039,12800
random_seed_1501552845,Random,0.0004966203278186271,0.04185031554576766,-0.15912990196078436,0.1583946078431373,12800
random_seed_488200390,Random,0.000289253982843137,0.04171692437973878,-0.1457720588235294,0.16213235294117645,12800
random_seed_1693606510,Random,0.0006651300168504897,0.04210007547317512,-0.17518382352941186,0.16678921568627447,12800
random_seed_680233354,Random,-0.00012133789062499984,0.04189310375385787,-0.1517156862745097,0.1594362745098039,12800
random_seed_438466540,Random,0.00033129882812499956,0.04194456430026153,-0.1572916666666666,0.17628676470588234,12800
random_seed_stats,Random,0.0003321930530024508,0.00026283768025597414,-0.00012133789062499984,0.0006651300168504897,64000
