{
  "run_meta": {
    "ckpt_path": "out-wikitext103-random-b32-curriculum-permute-block/ckpt.pt",
    "dataset": "wikitext103",
    "split": "val",
    "batch_size": 64,
    "num_batches": 200,
    "device": "cuda",
    "dtype": "bfloat16",
    "seed": 12345,
    "num_blocks": 32,
    "block_order_block_len": 8
  },
  "block_perm": [
    6,
    13,
    18,
    24,
    22,
    7,
    28,
    31,
    30,
    21,
    4,
    8,
    10,
    16,
    23,
    2,
    19,
    27,
    17,
    25,
    9,
    29,
    1,
    0,
    15,
    11,
    5,
    26,
    3,
    12,
    20,
    14
  ],
  "inverse_block_perm": [
    23,
    22,
    15,
    28,
    10,
    26,
    0,
    5,
    11,
    20,
    12,
    25,
    29,
    1,
    31,
    24,
    13,
    18,
    2,
    16,
    30,
    9,
    4,
    14,
    3,
    19,
    27,
    17,
    6,
    21,
    8,
    7
  ],
  "current_frame_l2r": [
    0,
    1,
    2,
    3,
    4,
    5,
    6,
    7,
    8,
    9,
    10,
    11,
    12,
    13,
    14,
    15,
    16,
    17,
    18,
    19,
    20,
    21,
    22,
    23,
    24,
    25,
    26,
    27,
    28,
    29,
    30,
    31
  ],
  "recovered_original_l2r_in_current_frame": [
    23,
    22,
    15,
    28,
    10,
    26,
    0,
    5,
    11,
    20,
    12,
    25,
    29,
    1,
    31,
    24,
    13,
    18,
    2,
    16,
    30,
    9,
    4,
    14,
    3,
    19,
    27,
    17,
    6,
    21,
    8,
    7
  ],
  "metrics": {
    "current_frame_l2r": {
      "mean_full_loss": 4.34849069595337,
      "mean_prefix_auc": 4.348490691184997,
      "mean_kendall_tau_to_current_l2r": 1.0,
      "num_samples": 12800
    },
    "recovered_original_l2r_in_current_frame": {
      "mean_full_loss": 4.299553589820862,
      "mean_prefix_auc": 4.299553582668304,
      "mean_kendall_tau_to_current_l2r": -0.11290322244167328,
      "num_samples": 12800
    }
  }
}