{
  "mean_preference_loss": 0.47084216848015786,
  "mean_preference_accuracy": 0.771328125,
  "mean_preference_gap": 4.0014342212677
}