{
  "signal": "early_weighted_auc",
  "move_mode": "adjacent",
  "num_samples": 32,
  "evaluation_note": "kendall_distance and kendall_tau are evaluation-only diagnostics for l2r proximity; they must not be used as training targets or propagated as supervision signals.",
  "mean_prefix_auc_2_initial": 4.529111631214619,
  "mean_prefix_auc_2_final": 3.7485174238681793,
  "mean_full_loss_initial": 4.140825338661671,
  "mean_full_loss_final": 4.12923326343298,
  "mean_kendall_initial": 0.0005208325455896556,
  "mean_kendall_final": 0.005208333081100136,
  "mean_kendall_distance_initial": 0.49973958372720517,
  "mean_kendall_distance_final": 0.49739583345944993,
  "mean_adjacent_pairs_initial": 0.90625,
  "mean_adjacent_pairs_final": 1.0625,
  "mean_prefix_index_initial": 7.4296875,
  "mean_prefix_index_final": 7.578125,
  "mean_prefix_auc_2_gain": 0.7805942073464394,
  "mean_full_loss_gain": 0.011592075228691101,
  "mean_kendall_gain": 0.00468750053551048,
  "mean_kendall_distance_gain": 0.00234375026775524,
  "mean_adjacent_pairs_gain": 0.15625,
  "mean_prefix_index_gain": -0.1484375,
  "improved_sample_ratio": 1.0
}