{
  "signal": "early_weighted_auc_plus_variance",
  "move_mode": "adjacent",
  "num_samples": 32,
  "evaluation_note": "kendall_distance and kendall_tau are evaluation-only diagnostics for l2r proximity; they must not be used as training targets or propagated as supervision signals.",
  "mean_prefix_auc_2_initial": 4.529111631214619,
  "mean_prefix_auc_2_final": 3.8356727585196495,
  "mean_full_loss_initial": 4.140825338661671,
  "mean_full_loss_final": 4.1280763149261475,
  "mean_kendall_initial": 0.0005208325455896556,
  "mean_kendall_final": 0.0026041658711619675,
  "mean_kendall_distance_initial": 0.49973958372720517,
  "mean_kendall_distance_final": 0.498697917064419,
  "mean_adjacent_pairs_initial": 0.90625,
  "mean_adjacent_pairs_final": 1.0,
  "mean_prefix_index_initial": 7.4296875,
  "mean_prefix_index_final": 7.6640625,
  "mean_prefix_auc_2_gain": 0.6934388726949692,
  "mean_full_loss_gain": 0.012749023735523224,
  "mean_kendall_gain": 0.002083333325572312,
  "mean_kendall_distance_gain": 0.001041666662786156,
  "mean_adjacent_pairs_gain": 0.09375,
  "mean_prefix_index_gain": -0.234375,
  "improved_sample_ratio": 1.0
}