{
  "signal": "early_weighted_auc_plus_total_variation",
  "move_mode": "adjacent",
  "num_samples": 32,
  "evaluation_note": "kendall_distance and kendall_tau are evaluation-only diagnostics for l2r proximity; they must not be used as training targets or propagated as supervision signals.",
  "mean_prefix_auc_2_initial": 4.529111631214619,
  "mean_prefix_auc_2_final": 4.205664411187172,
  "mean_full_loss_initial": 4.140825338661671,
  "mean_full_loss_final": 4.134499773383141,
  "mean_kendall_initial": 0.0005208325455896556,
  "mean_kendall_final": 0.0015624990919604897,
  "mean_kendall_distance_initial": 0.49973958372720517,
  "mean_kendall_distance_final": 0.49921875045401976,
  "mean_adjacent_pairs_initial": 0.90625,
  "mean_adjacent_pairs_final": 1.0625,
  "mean_prefix_index_initial": 7.4296875,
  "mean_prefix_index_final": 7.78125,
  "mean_prefix_auc_2_gain": 0.32344722002744675,
  "mean_full_loss_gain": 0.006325565278530121,
  "mean_kendall_gain": 0.0010416665463708341,
  "mean_kendall_distance_gain": 0.0005208332731854171,
  "mean_adjacent_pairs_gain": 0.15625,
  "mean_prefix_index_gain": -0.3515625,
  "improved_sample_ratio": 1.0
}