{
  "signal": "prefix_auc_4",
  "move_mode": "adjacent",
  "num_samples": 32,
  "evaluation_note": "kendall_distance and kendall_tau are evaluation-only diagnostics for l2r proximity; they must not be used as training targets or propagated as supervision signals.",
  "mean_prefix_auc_2_initial": 4.529111631214619,
  "mean_prefix_auc_2_final": 4.392480239272118,
  "mean_full_loss_initial": 4.140825338661671,
  "mean_full_loss_final": 4.122648902237415,
  "mean_kendall_initial": 0.0005208325455896556,
  "mean_kendall_final": 0.001562499615829438,
  "mean_kendall_distance_initial": 0.49973958372720517,
  "mean_kendall_distance_final": 0.4992187501920853,
  "mean_adjacent_pairs_initial": 0.90625,
  "mean_adjacent_pairs_final": 1.03125,
  "mean_prefix_index_initial": 7.4296875,
  "mean_prefix_index_final": 7.5625,
  "mean_prefix_auc_2_gain": 0.13663139194250107,
  "mean_full_loss_gain": 0.01817643642425537,
  "mean_kendall_gain": 0.0010416670702397823,
  "mean_kendall_distance_gain": 0.0005208335351198912,
  "mean_adjacent_pairs_gain": 0.125,
  "mean_prefix_index_gain": -0.1328125,
  "improved_sample_ratio": 0.96875
}