{
  "signal": "early_weighted_auc",
  "move_mode": "insert_anywhere",
  "num_samples": 32,
  "evaluation_note": "kendall_distance and kendall_tau are evaluation-only diagnostics for l2r proximity; they must not be used as training targets or propagated as supervision signals.",
  "mean_prefix_auc_2_initial": 4.529111631214619,
  "mean_prefix_auc_2_final": 2.9184723049402237,
  "mean_full_loss_initial": 4.140825338661671,
  "mean_full_loss_final": 4.1193365678191185,
  "mean_kendall_initial": 0.0005208325455896556,
  "mean_kendall_final": -0.007812500931322575,
  "mean_kendall_distance_initial": 0.49973958372720517,
  "mean_kendall_distance_final": 0.5039062504656613,
  "mean_adjacent_pairs_initial": 0.90625,
  "mean_adjacent_pairs_final": 1.0,
  "mean_prefix_index_initial": 7.4296875,
  "mean_prefix_index_final": 7.453125,
  "mean_prefix_auc_2_gain": 1.610639326274395,
  "mean_full_loss_gain": 0.021488770842552185,
  "mean_kendall_gain": -0.00833333347691223,
  "mean_kendall_distance_gain": -0.004166666738456115,
  "mean_adjacent_pairs_gain": 0.09375,
  "mean_prefix_index_gain": -0.0234375,
  "improved_sample_ratio": 1.0
}