{
  "signal": "prefix_auc_4",
  "move_mode": "insert_anywhere",
  "num_samples": 32,
  "evaluation_note": "kendall_distance and kendall_tau are evaluation-only diagnostics for l2r proximity; they must not be used as training targets or propagated as supervision signals.",
  "mean_prefix_auc_2_initial": 4.529111631214619,
  "mean_prefix_auc_2_final": 3.3037335202097893,
  "mean_full_loss_initial": 4.140825338661671,
  "mean_full_loss_final": 4.115398474037647,
  "mean_kendall_initial": 0.0005208325455896556,
  "mean_kendall_final": 0.02552083320915699,
  "mean_kendall_distance_initial": 0.49973958372720517,
  "mean_kendall_distance_final": 0.4872395833954215,
  "mean_adjacent_pairs_initial": 0.90625,
  "mean_adjacent_pairs_final": 1.28125,
  "mean_prefix_index_initial": 7.4296875,
  "mean_prefix_index_final": 7.3359375,
  "mean_prefix_auc_2_gain": 1.2253781110048294,
  "mean_full_loss_gain": 0.025426864624023438,
  "mean_kendall_gain": 0.025000000663567334,
  "mean_kendall_distance_gain": 0.012500000331783667,
  "mean_adjacent_pairs_gain": 0.375,
  "mean_prefix_index_gain": 0.09375,
  "improved_sample_ratio": 1.0
}