order_name,order_type,kendall_tau_mean,kendall_tau_std,kendall_tau_min,kendall_tau_max,num_samples
AR,AR,1.0,0.0,1.0,1.0,12800
original_position_AR,OriginalPositionAR,-0.11290322580645151,0.0,-0.11290322580645151,-0.11290322580645151,12800
random_seed_1501552845,Random,-0.0008930821572580701,0.12371736977024148,-0.47580645161290325,0.5080645161290323,12800
random_seed_488200390,Random,-0.00016475554435484464,0.12534406519836216,-0.528225806451613,0.44758064516129037,12800
random_seed_1693606510,Random,-0.0004255922379032321,0.12369420106621505,-0.4516129032258065,0.4798387096774194,12800
random_seed_680233354,Random,-0.0008792212701612962,0.12401936958402547,-0.467741935483871,0.4516129032258065,12800
random_seed_438466540,Random,0.0009718371975806399,0.12458473080258671,-0.49596774193548376,0.45967741935483875,12800
random_seed_stats,Random,-0.00027816280241936065,0.0006835925305660301,-0.0008930821572580701,0.0009718371975806399,64000
